ID,Title,"File Name","File Size",Caption,"Alt Text",Description,URL,"Date Uploaded",Type
3444,"WhatsApp Image 2025-03-24 at 2.29.52 PM",WhatsApp-Image-2025-03-24-at-2.29.52-PM.jpeg,"98 KB",,,,https://afjltd.co.uk/wp-content/uploads/2025/03/WhatsApp-Image-2025-03-24-at-2.29.52-PM.jpeg,"March 24, 2025",image/jpeg
3437,"Tackling Hospital Discharge Issues Effectively",Tackling-Hospital-Discharge-Issues-Effectively-1.png,"865 KB",,,,https://afjltd.co.uk/wp-content/uploads/2025/02/Tackling-Hospital-Discharge-Issues-Effectively-1.png,"February 7, 2025",image/png
3420,logo,logo.webp,"7 KB",,,,https://afjltd.co.uk/wp-content/uploads/2024/03/logo.webp,"January 13, 2025",image/webp
3414,"Greener Roads Start with Proper Vehicle Care",Greener-Roads-Start-with-Proper-Vehicle-Care-scaled.webp,"93 KB",,,,https://afjltd.co.uk/wp-content/uploads/2025/01/Greener-Roads-Start-with-Proper-Vehicle-Care-scaled.webp,"January 13, 2025",image/webp
3385,AFJ_Carbon_Reduction_Plan,AFJ_Carbon_Reduction_Plan.pdf,,AFJ_Carbon_Reduction_Plan,,,https://afjltd.co.uk/wp-content/uploads/2024/12/AFJ_Carbon_Reduction_Plan.pdf,"December 24, 2024",application/pdf
3383,AFJ_Carbon_Reduction_Plan,AFJ_Carbon_Reduction_Plan.docx,,AFJ_Carbon_Reduction_Plan,,,https://afjltd.co.uk/wp-content/uploads/2024/12/AFJ_Carbon_Reduction_Plan.docx,"December 24, 2024",application/vnd.openxmlformats-officedocument.wordprocessingml.document
3381,tube-spinner,tube-spinner.svg,"769 B",,,,https://afjltd.co.uk/wp-content/uploads/2024/12/tube-spinner.svg,"December 23, 2024",image/svg+xml
3380,1b4b94e01bc0fc69a326283c64ed63a6,1b4b94e01bc0fc69a326283c64ed63a6.webp,"5 KB",,,,https://afjltd.co.uk/wp-content/uploads/2024/12/1b4b94e01bc0fc69a326283c64ed63a6.webp,"December 23, 2024",image/webp
3359,"Key Factors for Ensuring Efficient and Reliable Transport Services for Students",Key-Factors-for-Ensuring-Efficient-and-Reliable-Transport-Services-for-Students.webp,"93 KB",,,,https://afjltd.co.uk/wp-content/uploads/2024/12/Key-Factors-for-Ensuring-Efficient-and-Reliable-Transport-Services-for-Students.webp,"December 23, 2024",image/webp
3345,"Rising Demand for Vehicles",Rising-Demand-for-Vehicles.webp,"134 KB",,,,https://afjltd.co.uk/wp-content/uploads/2024/12/Rising-Demand-for-Vehicles.webp,"December 5, 2024",image/webp
3312,30,30.webp,"65 KB",,,,https://afjltd.co.uk/wp-content/uploads/2024/12/30.webp,"December 2, 2024",image/webp
3311,35,35.webp,"66 KB",,,,https://afjltd.co.uk/wp-content/uploads/2024/12/35.webp,"December 2, 2024",image/webp
3304,"The Role of Technology in Enhancing Transport Safety for Vulnerable Populations",The-Role-of-Technology-in-Enhancing-Transport-Safety-for-Vulnerable-Populations.webp,"111 KB",,,,https://afjltd.co.uk/wp-content/uploads/2024/11/The-Role-of-Technology-in-Enhancing-Transport-Safety-for-Vulnerable-Populations.webp,"November 27, 2024",image/webp
3250,"Image 4",Image-4-1.jpg,"493 KB",,,,https://afjltd.co.uk/wp-content/uploads/2024/11/Image-4-1.jpg,"November 19, 2024",image/jpeg
3216,"Navigating the challenges of staff Retention in UK Transport Sector",Navigating-the-challenges-of-staff-Retention-in-UK-Transport-Sector.webp,"44 KB",,,,https://afjltd.co.uk/wp-content/uploads/2024/11/Navigating-the-challenges-of-staff-Retention-in-UK-Transport-Sector.webp,"November 14, 2024",image/webp
3173,1730980756373,1730980756373.webp,"51 KB",,,,https://afjltd.co.uk/wp-content/uploads/2024/11/1730980756373.webp,"November 13, 2024",image/webp
3140,"Image 2",Image-2.webp,"99 KB",,,,https://afjltd.co.uk/wp-content/uploads/2024/11/Image-2.webp,"November 12, 2024",image/webp
3125,tameside-metropolitan-borough-council-vector-logo-small,tameside-metropolitan-borough-council-vector-logo-small.png,"3 KB",,,,https://afjltd.co.uk/wp-content/uploads/2024/11/tameside-metropolitan-borough-council-vector-logo-small.png,"November 12, 2024",image/webp
3124,"WCC logo",WCC-logo.webp,"7 KB",,,,https://afjltd.co.uk/wp-content/uploads/2024/11/WCC-logo.webp,"November 12, 2024",image/webp
3104,"Image 1",Image-1.webp,"195 KB",,,,https://afjltd.co.uk/wp-content/uploads/2024/11/Image-1.webp,"November 12, 2024",image/webp
3103,"Image 4",Image-4.webp,"241 KB",,,,https://afjltd.co.uk/wp-content/uploads/2024/11/Image-4.webp,"November 12, 2024",image/webp
3031,"Image 3",Image-3.webp,"210 KB",,,,https://afjltd.co.uk/wp-content/uploads/2024/11/Image-3.webp,"November 12, 2024",image/webp
2899,1729868555014,1729868555014.webp,"24 KB",,,,https://afjltd.co.uk/wp-content/uploads/2024/10/1729868555014.webp,"October 31, 2024",image/webp
2879,1,1.webp,"75 KB",,,,https://afjltd.co.uk/wp-content/uploads/2024/10/1.webp,"October 9, 2024",image/webp
2876,"Finalist_Service Excellence",Finalist_Service-Excellence.jpg,"888 KB",,,,https://afjltd.co.uk/wp-content/uploads/2024/10/Finalist_Service-Excellence.jpg,"October 9, 2024",image/jpeg
2863,3,3-1.webp,"143 KB",,,,https://afjltd.co.uk/wp-content/uploads/2024/09/3-1.webp,"September 12, 2024",image/webp
2862,"2 (1)",2-1.webp,"105 KB",,"care home funding",,https://afjltd.co.uk/wp-content/uploads/2024/09/2-1.webp,"September 12, 2024",image/webp
2861,1,1-1.webp,"96 KB",,,,https://afjltd.co.uk/wp-content/uploads/2024/09/1-1.webp,"September 12, 2024",image/webp
2860,"Untitled design (27)",Untitled-design-27.webp,"84 KB",,"Care home fundung and grants",,https://afjltd.co.uk/wp-content/uploads/2024/09/Untitled-design-27.webp,"September 12, 2024",image/webp
2854,"Untitled design (26)",Untitled-design-26.webp,"58 KB",,"Private minibus hire services",,https://afjltd.co.uk/wp-content/uploads/2024/09/Untitled-design-26.webp,"September 11, 2024",image/webp
2853,3,3.webp,"89 KB",,"private minibus hire services uk",,https://afjltd.co.uk/wp-content/uploads/2024/09/3.webp,"September 11, 2024",image/webp
2852,1,1.webp,"49 KB",,"private minibus hire uk",,https://afjltd.co.uk/wp-content/uploads/2024/09/1.webp,"September 11, 2024",image/webp
2851,2,2.webp,"55 KB",,,,https://afjltd.co.uk/wp-content/uploads/2024/09/2.webp,"September 11, 2024",image/webp
2816,IMG_4420-1_11zon,IMG_4420-1_11zon.webp,"34 KB",,,,https://afjltd.co.uk/wp-content/uploads/2024/09/IMG_4420-1_11zon.webp,"September 10, 2024",image/webp
2809,"mbs1a111qmy (1)_11zon",mbs1a111qmy-1_11zon.webp,"2 KB",,,,https://afjltd.co.uk/wp-content/uploads/2024/09/mbs1a111qmy-1_11zon.webp,"September 10, 2024",image/webp
2802,"mbs1a111qmy (1)_11zon_11zon",mbs1a111qmy-1_11zon_11zon.webp,"2 KB",,,,https://afjltd.co.uk/wp-content/uploads/2024/09/mbs1a111qmy-1_11zon_11zon.webp,"September 10, 2024",image/webp
2733,"Untitled design (20)",Untitled-design-20.webp,"46 KB",,"home to school transport UK",,https://afjltd.co.uk/wp-content/uploads/2024/08/Untitled-design-20.webp,"August 23, 2024",image/webp
2725,"www.afjltd.co.uk (2)",www.afjltd.co_.uk-2.webp,"48 KB",,"NEPT services Birmingham",,https://afjltd.co.uk/wp-content/uploads/2024/08/www.afjltd.co_.uk-2.webp,"August 13, 2024",image/webp
2723,"10 off (4)",10-off-4.webp,"20 KB",,,,https://afjltd.co.uk/wp-content/uploads/2024/08/10-off-4.webp,"August 13, 2024",image/webp
2717,,www.afjltd.co_.uk-1.webp,"66 KB",,"AFJ's non emergency patient transport services.",,https://afjltd.co.uk/wp-content/uploads/2024/08/www.afjltd.co_.uk-1.webp,"August 8, 2024",image/webp
2716,,10-off-3.webp,"23 KB",,"Ad-Hoc non emergency patient transport services",,https://afjltd.co.uk/wp-content/uploads/2024/08/10-off-3.webp,"August 8, 2024",image/webp
2715,,10-off-2.webp,"21 KB",,"NEPT services west midlands",,https://afjltd.co.uk/wp-content/uploads/2024/08/10-off-2.webp,"August 8, 2024",image/webp
2714,"A Safe &#038; Reliable Fleet (2)",A-Safe-Reliable-Fleet-2.webp,"68 KB",,"NEPTS birmingham",,https://afjltd.co.uk/wp-content/uploads/2024/08/A-Safe-Reliable-Fleet-2.webp,"August 8, 2024",image/webp
2713,"describes our judgement of the quality of care at this service. It is based on a combination of what we found when we inspected, information from our ongoing monitoring of data about services and",describes-our-judgement-of-the-quality-of-care-at-this-service.-It-is-based-on-a-combination-of-what-we-found-when-we-inspected-information-from-our-ongoing-monitoring-of-data-about-services-and-.webp,"27 KB",,"non-emergency patient transport UK",,https://afjltd.co.uk/wp-content/uploads/2024/08/describes-our-judgement-of-the-quality-of-care-at-this-service.-It-is-based-on-a-combination-of-what-we-found-when-we-inspected-information-from-our-ongoing-monitoring-of-data-about-services-and-.webp,"August 8, 2024",image/webp
2711,"Untitled design (19)",Untitled-design-19.webp,"82 KB",,"non emergency patient transport",,https://afjltd.co.uk/wp-content/uploads/2024/08/Untitled-design-19.webp,"August 8, 2024",image/webp
2704,"www.afjltd.co.uk (3)",www.afjltd.co_.uk-3.svg,"6 MB",,"home to school transport birmingham",,https://afjltd.co.uk/wp-content/uploads/2024/08/www.afjltd.co_.uk-3.svg,"August 5, 2024",image/svg+xml
2703,"A Safe &#038; Reliable Fleet (1)",A-Safe-Reliable-Fleet-1.svg,"7 MB",,"home to school transport",,https://afjltd.co.uk/wp-content/uploads/2024/08/A-Safe-Reliable-Fleet-1.svg,"August 5, 2024",image/svg+xml
2702,2,2.svg,"3 MB",,"private minibus hire for schools",,https://afjltd.co.uk/wp-content/uploads/2024/08/2.svg,"August 5, 2024",image/svg+xml
2701,1,1.svg,"1 MB",,"minibus private hire for schools",,https://afjltd.co.uk/wp-content/uploads/2024/08/1.svg,"August 5, 2024",image/svg+xml
2696,"www.afjltd.co.uk (1)",www.afjltd.co_.uk-1.svg,"6 MB",,,,https://afjltd.co.uk/wp-content/uploads/2024/08/www.afjltd.co_.uk-1.svg,"August 5, 2024",image/svg+xml
2691,mbs1afjertx-1,mbs1afjertx-1.webp,"6 KB",,,,https://afjltd.co.uk/wp-content/uploads/2024/08/mbs1afjertx-1.webp,"August 5, 2024",image/webp
2690,mbs1a111q,mbs1a111q.webp,"9 KB",,,,https://afjltd.co.uk/wp-content/uploads/2024/08/mbs1a111q.webp,"August 5, 2024",image/webp
2689,mbs1a111qmpo,mbs1a111qmpo.webp,"12 KB",,,,https://afjltd.co.uk/wp-content/uploads/2024/08/mbs1a111qmpo.webp,"August 5, 2024",image/webp
2688,mbs1a111qm21,mbs1a111qm21.webp,"11 KB",,,,https://afjltd.co.uk/wp-content/uploads/2024/08/mbs1a111qm21.webp,"August 5, 2024",image/webp
2687,mbs1a111qmy,mbs1a111qmy.webp,"6 KB",,,,https://afjltd.co.uk/wp-content/uploads/2024/08/mbs1a111qmy.webp,"August 5, 2024",image/webp
2683,alkdu73wlesy-1,alkdu73wlesy-1.webp,"29 KB",,,,https://afjltd.co.uk/wp-content/uploads/2024/08/alkdu73wlesy-1.webp,"August 5, 2024",image/webp
2682,alkdu73wl-1,alkdu73wl-1.webp,"34 KB",,,,https://afjltd.co.uk/wp-content/uploads/2024/08/alkdu73wl-1.webp,"August 5, 2024",image/webp
2681,alkdu73l-1,alkdu73l-1.webp,"43 KB",,,,https://afjltd.co.uk/wp-content/uploads/2024/08/alkdu73l-1.webp,"August 5, 2024",image/webp
2680,Group-112df-1,Group-112df-1.webp,"65 KB",,,,https://afjltd.co.uk/wp-content/uploads/2024/08/Group-112df-1.webp,"August 5, 2024",image/webp
2679,Group-112dfd-1,Group-112dfd-1.webp,"34 KB",,,,https://afjltd.co.uk/wp-content/uploads/2024/08/Group-112dfd-1.webp,"August 5, 2024",image/webp
2545,Untitled-1,Untitled-1.jpg,"2 MB",,"home to school transport",,https://afjltd.co.uk/wp-content/uploads/2024/06/Untitled-1.jpg,"June 22, 2024",image/jpeg
2515,ee,ee-1.webp,"5 KB",,,,https://afjltd.co.uk/wp-content/uploads/2024/05/ee-1.webp,"May 10, 2024",image/webp
2514,q,q-1.webp,"7 KB",,,,https://afjltd.co.uk/wp-content/uploads/2024/05/q-1.webp,"May 10, 2024",image/webp
2512,q,q.webp,"5 KB",,,,https://afjltd.co.uk/wp-content/uploads/2024/05/q.webp,"May 10, 2024",image/webp
2511,ee,ee.webp,"4 KB",,,,https://afjltd.co.uk/wp-content/uploads/2024/05/ee.webp,"May 10, 2024",image/webp
2507,Untitled-2,Untitled-2.webp,"7 KB",,,,https://afjltd.co.uk/wp-content/uploads/2024/05/Untitled-2.webp,"May 10, 2024",image/webp
2505,"WhatsApp Image 2024-05-10 at 19.48.01_e1defb26",WhatsApp-Image-2024-05-10-at-19.48.01_e1defb26.webp,"43 KB",,,,https://afjltd.co.uk/wp-content/uploads/2024/05/WhatsApp-Image-2024-05-10-at-19.48.01_e1defb26.webp,"May 10, 2024",image/webp
2496,pdf_logo,pdf_logo.webp,"882 B",,,,https://afjltd.co.uk/wp-content/uploads/2024/04/pdf_logo.webp,"April 23, 2024",image/webp
2467,b3d52e3b8aec48da86093f14c650facc,b3d52e3b8aec48da86093f14c650facc.webp,"176 KB",,,,https://afjltd.co.uk/wp-content/uploads/2024/04/b3d52e3b8aec48da86093f14c650facc.webp,"April 5, 2024",image/webp
2450,asaaaaaaaa,asaaaaaaaa.webp,"5 KB",,,,https://afjltd.co.uk/wp-content/uploads/2024/03/asaaaaaaaa.webp,"April 5, 2024",image/webp
2431,83bae3b21e124be6a646d1c258f54a52,83bae3b21e124be6a646d1c258f54a52.webp,"69 KB",,,,https://afjltd.co.uk/wp-content/uploads/2024/03/83bae3b21e124be6a646d1c258f54a52.webp,"March 27, 2024",image/webp
2430,574f6d3aa6b441649d934bec8ff7d7a1,574f6d3aa6b441649d934bec8ff7d7a1.webp,"56 KB",,,,https://afjltd.co.uk/wp-content/uploads/2024/03/574f6d3aa6b441649d934bec8ff7d7a1.webp,"March 27, 2024",image/webp
2417,d4e60b2b6eb74750a77a8526c1f5a5b6,d4e60b2b6eb74750a77a8526c1f5a5b6.webp,"113 KB",,,,https://afjltd.co.uk/wp-content/uploads/2024/03/d4e60b2b6eb74750a77a8526c1f5a5b6.webp,"March 27, 2024",image/webp
2410,2024311_85132,2024311_85132.webp,"49 KB",,,,https://afjltd.co.uk/wp-content/uploads/2024/03/2024311_85132.webp,"March 26, 2024",image/webp
2362,"Core value",Core-value.webp,"22 KB",,,,https://afjltd.co.uk/wp-content/uploads/2024/03/Core-value.webp,"March 21, 2024",image/webp
2358,Mission,Mission.webp,"14 KB",,,,https://afjltd.co.uk/wp-content/uploads/2024/03/Mission.webp,"March 21, 2024",image/webp
2354,Vision,Vision.webp,"13 KB",,,,https://afjltd.co.uk/wp-content/uploads/2024/03/Vision.webp,"March 21, 2024",image/webp
2321,"Quality begins within",Quality-begins-within.webp,"54 KB",,,,https://afjltd.co.uk/wp-content/uploads/2024/03/Quality-begins-within.webp,"March 19, 2024",image/webp
2306,9,9.png,"690 KB",,,,https://afjltd.co.uk/wp-content/uploads/2024/03/9.png,"March 15, 2024",image/png
2305,6,6.png,"407 KB",,,,https://afjltd.co.uk/wp-content/uploads/2024/03/6.png,"March 15, 2024",image/png
2297,"Copy of AFJ Maintenance service (1)",Copy-of-AFJ-Maintenance-service-1.pdf,,,,,https://afjltd.co.uk/wp-content/uploads/2024/03/Copy-of-AFJ-Maintenance-service-1.pdf,"March 14, 2024",application/pdf
2243,"NEPTS Flier",NEPTS-Flier.png,"1 MB",,,,https://afjltd.co.uk/wp-content/uploads/2024/03/NEPTS-Flier.png,"March 14, 2024",image/png
2237,CQC-manchester,CQC-manchester.png,"88 KB",,,,https://afjltd.co.uk/wp-content/uploads/2024/03/CQC-manchester.png,"March 14, 2024",image/png
2215,"IMG_0062 (1)",IMG_0062-1-scaled.jpg,"800 KB",,,,https://afjltd.co.uk/wp-content/uploads/2024/03/IMG_0062-1-scaled.jpg,"March 14, 2024",image/jpeg
2205,HTS-2,HTS-2.pdf,,,,,https://afjltd.co.uk/wp-content/uploads/2024/03/HTS-2.pdf,"March 13, 2024",application/pdf
2194,Convkhgersion,Convkhgersion.png,"444 KB",,,,https://afjltd.co.uk/wp-content/uploads/2024/03/Convkhgersion.png,"March 13, 2024",image/png
2187,IMG_xcvf0067,IMG_xcvf0067-scaled.jpeg,"687 KB",,,,https://afjltd.co.uk/wp-content/uploads/2024/03/IMG_xcvf0067-scaled.jpeg,"March 13, 2024",image/jpeg
2183,"Privateasd Hire",Privateasd-Hire.png,"336 KB",,,,https://afjltd.co.uk/wp-content/uploads/2024/03/Privateasd-Hire.png,"March 13, 2024",image/png
2179,Maintenancewww,Maintenancewww.png,"394 KB",,,,https://afjltd.co.uk/wp-content/uploads/2024/03/Maintenancewww.png,"March 13, 2024",image/png
2177,Maintenance,Maintenance.png,"1 MB",,,,https://afjltd.co.uk/wp-content/uploads/2024/03/Maintenance.png,"March 13, 2024",image/png
2176,"IMG_4420 (1)",IMG_4420-1.jpg,"337 KB",,,,https://afjltd.co.uk/wp-content/uploads/2024/03/IMG_4420-1.jpg,"March 13, 2024",image/jpeg
2172,"Group 112dfd (1)",Group-112dfd-1.png,"371 KB",,,,https://afjltd.co.uk/wp-content/uploads/2024/03/Group-112dfd-1.png,"March 13, 2024",image/png
2171,"Group 112df",Group-112df-1.png,"461 KB",,,,https://afjltd.co.uk/wp-content/uploads/2024/03/Group-112df-1.png,"March 13, 2024",image/png
2170,alkdu73wlesy,alkdu73wlesy-1.png,"296 KB",,,,https://afjltd.co.uk/wp-content/uploads/2024/03/alkdu73wlesy-1.png,"March 13, 2024",image/png
2169,alkdu73wl,alkdu73wl-1.png,"344 KB",,,,https://afjltd.co.uk/wp-content/uploads/2024/03/alkdu73wl-1.png,"March 13, 2024",image/png
2168,alkdu73l,alkdu73l-1.png,"331 KB",,,,https://afjltd.co.uk/wp-content/uploads/2024/03/alkdu73l-1.png,"March 13, 2024",image/png
2117,"afj logo-final",afj-logo-final-1.png,"2 KB",,,,https://afjltd.co.uk/wp-content/uploads/2024/03/afj-logo-final-1.png,"March 12, 2024",image/png
2113,"afj logo-final",afj-logo-final.png,"12 KB",,,,https://afjltd.co.uk/wp-content/uploads/2024/03/afj-logo-final.png,"March 12, 2024",image/png
2065,"Untitled (Instagram Post)",Untitled-Instagram-Post.png,"1,016 KB",,,,https://afjltd.co.uk/wp-content/uploads/2024/03/Untitled-Instagram-Post.png,"March 12, 2024",image/png
2044,LCC,LCC.jpg,"5 KB",,,,https://afjltd.co.uk/wp-content/uploads/2024/03/LCC.jpg,"March 12, 2024",image/jpeg
2045,MCC,MCC.png,"7 KB",,,,https://afjltd.co.uk/wp-content/uploads/2024/03/MCC.png,"March 12, 2024",image/png
2041,BCC,BCC.png,"4 KB",,,,https://afjltd.co.uk/wp-content/uploads/2024/03/BCC.png,"March 12, 2024",image/png
2042,CnW,CnW.png,"9 KB",,,,https://afjltd.co.uk/wp-content/uploads/2024/03/CnW.png,"March 12, 2024",image/png
2043,images,images.png,"5 KB",,,,https://afjltd.co.uk/wp-content/uploads/2024/03/images.png,"March 12, 2024",image/png
2039,TBCC,TBCC.png,"9 KB",,,,https://afjltd.co.uk/wp-content/uploads/2024/03/TBCC.png,"March 12, 2024",image/png
2040,WCC,WCC.jpg,"5 KB",,,,https://afjltd.co.uk/wp-content/uploads/2024/03/WCC.jpg,"March 12, 2024",image/jpeg
2037,SCC,SCC.png,"6 KB",,,,https://afjltd.co.uk/wp-content/uploads/2024/03/SCC.png,"March 12, 2024",image/png
2038,TBC,TBC.png,"3 KB",,,,https://afjltd.co.uk/wp-content/uploads/2024/03/TBC.png,"March 12, 2024",image/png
2035,NWAS,NWAS.jpg,"5 KB",,,,https://afjltd.co.uk/wp-content/uploads/2024/03/NWAS.jpg,"March 12, 2024",image/jpeg
2036,OCC,OCC.png,"4 KB",,,,https://afjltd.co.uk/wp-content/uploads/2024/03/OCC.png,"March 12, 2024",image/png
2015,CQCGood,CQCGood-1.png,"8 KB",,,,https://afjltd.co.uk/wp-content/uploads/2024/03/CQCGood-1.png,"March 12, 2024",image/png
2011,CQCGood,CQCGood.png,"8 KB",,,,https://afjltd.co.uk/wp-content/uploads/2024/03/CQCGood.png,"March 12, 2024",image/png
1998,"Maintenance (2)",Maintenance-2.png,"2 MB",,,,https://afjltd.co.uk/wp-content/uploads/2024/03/Maintenance-2.png,"March 12, 2024",image/png
1997,IMG_0043,IMG_0043-scaled.jpg,"876 KB",,,,https://afjltd.co.uk/wp-content/uploads/2024/03/IMG_0043-scaled.jpg,"March 12, 2024",image/jpeg
1988,"Private Hire",Private-Hire.png,"1 MB",,,,https://afjltd.co.uk/wp-content/uploads/2024/03/Private-Hire.png,"March 12, 2024",image/png
1922,placeholder-1.png,placeholder-1.png,"4 KB",,,,https://afjltd.co.uk/wp-content/uploads/2024/03/placeholder-1.png,"March 12, 2024",image/png
1920,2_11zon-min-1024&#215;682,2_11zon-min-1024x682-1.webp,"36 KB",,,,https://afjltd.co.uk/wp-content/uploads/2024/03/2_11zon-min-1024x682-1.webp,"March 12, 2024",image/webp
1918,Screenshot-2023-11-23-143036,Screenshot-2023-11-23-143036.png,"152 KB",,,,https://afjltd.co.uk/wp-content/uploads/2024/03/Screenshot-2023-11-23-143036.png,"March 12, 2024",image/png
1917,fish-man,fish-man.png,"1 MB",,,,https://afjltd.co.uk/wp-content/uploads/2024/03/fish-man.png,"March 12, 2024",image/png
1916,adddd,adddd.png,"656 KB",,,,https://afjltd.co.uk/wp-content/uploads/2024/03/adddd.png,"March 12, 2024",image/png
1915,1_11zon-min-683&#215;1024-1,1_11zon-min-683x1024-1.webp,"140 KB",,,,https://afjltd.co.uk/wp-content/uploads/2024/03/1_11zon-min-683x1024-1.webp,"March 12, 2024",image/webp
1910,alkdu73wlesy,alkdu73wlesy.png,"1 MB",,,,https://afjltd.co.uk/wp-content/uploads/2024/03/alkdu73wlesy.png,"March 12, 2024",image/png
1909,alkdu73wl,alkdu73wl.png,"2 MB",,,,https://afjltd.co.uk/wp-content/uploads/2024/03/alkdu73wl.png,"March 12, 2024",image/png
1907,alkdu73l,alkdu73l.png,"2 MB",,,,https://afjltd.co.uk/wp-content/uploads/2024/03/alkdu73l.png,"March 12, 2024",image/png
1903,mbs1a111qmy,mbs1a111qmy.png,"211 KB",,,,https://afjltd.co.uk/wp-content/uploads/2024/03/mbs1a111qmy.png,"March 12, 2024",image/png
1902,mbs1a111qm21,mbs1a111qm21.png,"287 KB",,,,https://afjltd.co.uk/wp-content/uploads/2024/03/mbs1a111qm21.png,"March 12, 2024",image/png
1900,mbs1a111qmpo,mbs1a111qmpo.png,"231 KB",,,,https://afjltd.co.uk/wp-content/uploads/2024/03/mbs1a111qmpo.png,"March 12, 2024",image/png
1896,mbs1a111q,mbs1a111q.png,"208 KB",,,,https://afjltd.co.uk/wp-content/uploads/2024/03/mbs1a111q.png,"March 12, 2024",image/png
1892,mbs1afjertx,mbs1afjertx-1.png,"198 KB",,,,https://afjltd.co.uk/wp-content/uploads/2024/03/mbs1afjertx-1.png,"March 12, 2024",image/png
1888,mbs1afjerter,mbs1afjerter.png,"199 KB",,,,https://afjltd.co.uk/wp-content/uploads/2024/03/mbs1afjerter.png,"March 12, 2024",image/png
1884,mbs1afjertx,mbs1afjertx.png,"210 KB",,,,https://afjltd.co.uk/wp-content/uploads/2024/03/mbs1afjertx.png,"March 12, 2024",image/png
1882,mbs1afjert,mbs1afjert.png,"236 KB",,,,https://afjltd.co.uk/wp-content/uploads/2024/03/mbs1afjert.png,"March 12, 2024",image/png
1875,mbs1asdasdf,mbs1asdasdf.png,"287 KB",,,,https://afjltd.co.uk/wp-content/uploads/2024/03/mbs1asdasdf.png,"March 12, 2024",image/png
1871,mbs1asda,mbs1asda.png,"214 KB",,,,https://afjltd.co.uk/wp-content/uploads/2024/03/mbs1asda.png,"March 12, 2024",image/png
1869,mbs1asd,mbs1asd.png,"215 KB",,,,https://afjltd.co.uk/wp-content/uploads/2024/03/mbs1asd.png,"March 12, 2024",image/png
1865,mbs1,mbs1.png,"215 KB",,,,https://afjltd.co.uk/wp-content/uploads/2024/03/mbs1.png,"March 12, 2024",image/png
1812,alkdu43lk,alkdu43lk.png,"2 MB",,,,https://afjltd.co.uk/wp-content/uploads/2024/03/alkdu43lk.png,"March 11, 2024",image/png
1811,asdfasdfasdf,asdfasdfasdf.png,"2 MB",,,,https://afjltd.co.uk/wp-content/uploads/2024/03/asdfasdfasdf.png,"March 11, 2024",image/png
1809,"Group 112dr&#8217;flk",Group-112drflk.png,"2 MB",,,,https://afjltd.co.uk/wp-content/uploads/2024/03/Group-112drflk.png,"March 11, 2024",image/png
1805,"Group 112dfd",Group-112dfd.png,"1 MB",,,,https://afjltd.co.uk/wp-content/uploads/2024/03/Group-112dfd.png,"March 11, 2024",image/png
1770,"Group 112df",Group-112df.png,"2 MB",,,,https://afjltd.co.uk/wp-content/uploads/2024/03/Group-112df.png,"March 11, 2024",image/png
1765,Group123435455,Group123435455.png,"1 MB",,,,https://afjltd.co.uk/wp-content/uploads/2024/03/Group123435455.png,"March 11, 2024",image/png
1761,privatesmAFj,privatesmAFj.png,"909 KB",,,,https://afjltd.co.uk/wp-content/uploads/2024/03/privatesmAFj.png,"March 11, 2024",image/png
1667,FleetSM,FleetSM.png,"974 KB",,,,https://afjltd.co.uk/wp-content/uploads/2024/03/FleetSM.png,"March 11, 2024",image/png
1665,nEmer,nEmer.png,"1 MB",,,,https://afjltd.co.uk/wp-content/uploads/2024/03/nEmer.png,"March 11, 2024",image/png
1661,homeToSchool,homeToSchool-1.png,"789 KB",,,,https://afjltd.co.uk/wp-content/uploads/2024/03/homeToSchool-1.png,"March 11, 2024",image/png
1654,convertionAFJ,convertionAFJ-2.png,"874 KB",,,,https://afjltd.co.uk/wp-content/uploads/2024/03/convertionAFJ-2.png,"March 11, 2024",image/png
1650,convertionAFJ,convertionAFJ-1.png,"874 KB",,,,https://afjltd.co.uk/wp-content/uploads/2024/03/convertionAFJ-1.png,"March 11, 2024",image/png
1566,20231114_095129,20231114_095129-scaled.jpg,"623 KB",,,,https://afjltd.co.uk/wp-content/uploads/2024/03/20231114_095129-scaled.jpg,"March 8, 2024",image/jpeg
1562,"20231114_094745 (1)",20231114_094745-1-scaled.jpg,"570 KB",,,,https://afjltd.co.uk/wp-content/uploads/2024/03/20231114_094745-1-scaled.jpg,"March 8, 2024",image/jpeg
1545,IMG_0033,IMG_0033-scaled.jpg,"618 KB",,,,https://afjltd.co.uk/wp-content/uploads/2024/03/IMG_0033-scaled.jpg,"March 8, 2024",image/jpeg
1494,IMG_0077,IMG_0077-scaled.jpg,"868 KB",,,,https://afjltd.co.uk/wp-content/uploads/2024/03/IMG_0077-scaled.jpg,"March 8, 2024",image/jpeg
1477,IMG_4309,IMG_4309.jpg,"632 KB",,,,https://afjltd.co.uk/wp-content/uploads/2024/03/IMG_4309.jpg,"March 8, 2024",image/jpeg
1469,IMG_0046,IMG_0046-scaled.jpg,"717 KB",,,,https://afjltd.co.uk/wp-content/uploads/2024/03/IMG_0046-scaled.jpg,"March 8, 2024",image/jpeg
1468,IMG_0062,IMG_0062-scaled.jpg,"740 KB",,,,https://afjltd.co.uk/wp-content/uploads/2024/03/IMG_0062-scaled.jpg,"March 8, 2024",image/jpeg
1414,whatsappIcon,whatsappIcon.svg,"818 B",,,,https://afjltd.co.uk/wp-content/uploads/2024/03/whatsappIcon.svg,"March 8, 2024",image/svg+xml
1406,l12,l12.png,"34 KB",,,,https://afjltd.co.uk/wp-content/uploads/2024/03/l12.png,"March 8, 2024",image/png
1405,l19,l19.png,"43 KB",,,,https://afjltd.co.uk/wp-content/uploads/2024/03/l19.png,"March 8, 2024",image/png
1397,userIcon,userIcon.png,"2 KB",,,,https://afjltd.co.uk/wp-content/uploads/2024/03/userIcon.png,"March 8, 2024",image/png
1294,20231102_130320,20231102_130320-scaled.jpg,"637 KB",,,,https://afjltd.co.uk/wp-content/uploads/2024/03/20231102_130320-scaled.jpg,"March 8, 2024",image/jpeg
1289,IMG_4438,IMG_4438.jpg,"742 KB",,,,https://afjltd.co.uk/wp-content/uploads/2024/03/IMG_4438.jpg,"March 8, 2024",image/jpeg
1287,IMG_0044,IMG_0044-scaled.jpg,"743 KB",,,,https://afjltd.co.uk/wp-content/uploads/2024/03/IMG_0044-scaled.jpg,"March 8, 2024",image/jpeg
1227,IMG_0028,IMG_0028-scaled.jpg,"561 KB",,,,https://afjltd.co.uk/wp-content/uploads/2024/03/IMG_0028-scaled.jpg,"March 8, 2024",image/jpeg
1219,IMG_0076,IMG_0076-scaled.jpg,"761 KB",,,,https://afjltd.co.uk/wp-content/uploads/2024/03/IMG_0076-scaled.jpg,"March 8, 2024",image/jpeg
1209,20231117_124625,20231117_124625-scaled.jpg,"512 KB",,,,https://afjltd.co.uk/wp-content/uploads/2024/03/20231117_124625-scaled.jpg,"March 8, 2024",image/jpeg
1137,IMG_0067,IMG_0067-scaled.jpg,"735 KB",,,,https://afjltd.co.uk/wp-content/uploads/2024/03/IMG_0067-scaled.jpg,"March 8, 2024",image/jpeg
1132,IMG_4420,IMG_4420.jpg,"838 KB",,,,https://afjltd.co.uk/wp-content/uploads/2024/03/IMG_4420.jpg,"March 8, 2024",image/jpeg
1112,convertionAFJ,convertionAFJ.png,"626 KB",,,,https://afjltd.co.uk/wp-content/uploads/2024/03/convertionAFJ.png,"March 8, 2024",image/png
1107,maintenenceAFJ,maintenenceAFJ.png,"705 KB",,,,https://afjltd.co.uk/wp-content/uploads/2024/03/maintenenceAFJ.png,"March 8, 2024",image/png
1102,afj,afj.png,"755 KB",,,,https://afjltd.co.uk/wp-content/uploads/2024/03/afj.png,"March 8, 2024",image/png
1101,homeToSchool,homeToSchool.png,"568 KB",,,,https://afjltd.co.uk/wp-content/uploads/2024/03/homeToSchool.png,"March 8, 2024",image/png
1028,gfsdfgsd,gfsdfgsd.png,"479 KB",,,,https://afjltd.co.uk/wp-content/uploads/2024/03/gfsdfgsd.png,"March 8, 2024",image/png
1024,"Group 111",Group-111.png,"550 KB",,,,https://afjltd.co.uk/wp-content/uploads/2024/03/Group-111.png,"March 8, 2024",image/png
1019,"Group 110",Group-110.png,"59 KB",,,,https://afjltd.co.uk/wp-content/uploads/2024/03/Group-110.png,"March 8, 2024",image/png
1002,chad-kirchoff-xe-e69j6-Ds-unsplash,chad-kirchoff-xe-e69j6-Ds-unsplash-scaled.jpg,"407 KB",,,,https://afjltd.co.uk/wp-content/uploads/2024/03/chad-kirchoff-xe-e69j6-Ds-unsplash-scaled.jpg,"March 7, 2024",image/jpeg
987,humphrey-muleba-T-WRLSsiZYE-unsplash,humphrey-muleba-T-WRLSsiZYE-unsplash-scaled.jpg,"745 KB",,,,https://afjltd.co.uk/wp-content/uploads/2024/03/humphrey-muleba-T-WRLSsiZYE-unsplash-scaled.jpg,"March 7, 2024",image/jpeg
980,lalithmalhaar-gudi-T1C9zpFpky4-unsplash,lalithmalhaar-gudi-T1C9zpFpky4-unsplash-scaled.jpg,"343 KB",,,,https://afjltd.co.uk/wp-content/uploads/2024/03/lalithmalhaar-gudi-T1C9zpFpky4-unsplash-scaled.jpg,"March 7, 2024",image/jpeg
946,anastasia-petrova-xu2WYJek5AI-unsplash,anastasia-petrova-xu2WYJek5AI-unsplash-scaled.jpg,"393 KB",,,,https://afjltd.co.uk/wp-content/uploads/2024/03/anastasia-petrova-xu2WYJek5AI-unsplash-scaled.jpg,"March 7, 2024",image/jpeg
843,sde,sde-4.png,"407 KB",,,,https://afjltd.co.uk/wp-content/uploads/2024/03/sde-4.png,"March 7, 2024",image/png
841,sde,sde-3.png,"327 KB",,,,https://afjltd.co.uk/wp-content/uploads/2024/03/sde-3.png,"March 7, 2024",image/png
837,sde,sde-2.png,"328 KB",,,,https://afjltd.co.uk/wp-content/uploads/2024/03/sde-2.png,"March 7, 2024",image/png
836,sde,sde-1.png,"329 KB",,,,https://afjltd.co.uk/wp-content/uploads/2024/03/sde-1.png,"March 7, 2024",image/png
835,sde,sde.png,"477 KB",,,,https://afjltd.co.uk/wp-content/uploads/2024/03/sde.png,"March 7, 2024",image/png
794,linkedinIcon,linkedinIcon.svg,"610 B",,,,https://afjltd.co.uk/wp-content/uploads/2024/03/linkedinIcon.svg,"March 7, 2024",image/svg+xml
793,locationIcon,locationIcon.svg,"379 B",,,,https://afjltd.co.uk/wp-content/uploads/2024/03/locationIcon.svg,"March 7, 2024",image/svg+xml
792,mailIcon,mailIcon.svg,"454 B",,,,https://afjltd.co.uk/wp-content/uploads/2024/03/mailIcon.svg,"March 7, 2024",image/svg+xml
791,PhoneIcon,PhoneIcon.svg,"863 B",,,,https://afjltd.co.uk/wp-content/uploads/2024/03/PhoneIcon.svg,"March 7, 2024",image/svg+xml
645,aldrin-rachman-pradana-D8wmd6Sze78-unsplash,aldrin-rachman-pradana-D8wmd6Sze78-unsplash.png,"2 MB",,,,https://afjltd.co.uk/wp-content/uploads/2024/03/aldrin-rachman-pradana-D8wmd6Sze78-unsplash.png,"March 6, 2024",image/png
642,ryan-brooklyn-AqR7JhePqmQ-unsplash,ryan-brooklyn-AqR7JhePqmQ-unsplash.png,"2 MB",,,,https://afjltd.co.uk/wp-content/uploads/2024/03/ryan-brooklyn-AqR7JhePqmQ-unsplash.png,"March 6, 2024",image/png
639,jakub-pabis-yckdnpRfCoU-unsplash,jakub-pabis-yckdnpRfCoU-unsplash.png,"4 MB",,,,https://afjltd.co.uk/wp-content/uploads/2024/03/jakub-pabis-yckdnpRfCoU-unsplash.png,"March 6, 2024",image/png
636,pexels-airam-datoon-15487495,pexels-airam-datoon-15487495.png,"2 MB",,,,https://afjltd.co.uk/wp-content/uploads/2024/03/pexels-airam-datoon-15487495.png,"March 6, 2024",image/png
634,jp-valery-xO5V-7tI1gg-unsplash,jp-valery-xO5V-7tI1gg-unsplash.png,"840 KB",,,,https://afjltd.co.uk/wp-content/uploads/2024/03/jp-valery-xO5V-7tI1gg-unsplash.png,"March 6, 2024",image/png
621,adasssddd,adasssddd.png,"624 KB",,,,https://afjltd.co.uk/wp-content/uploads/2024/03/adasssddd.png,"March 6, 2024",image/png
613,pexels-photo-6754163,pexels-photo-6754163.webp,"75 KB",,,,https://afjltd.co.uk/wp-content/uploads/2024/03/pexels-photo-6754163.webp,"March 6, 2024",image/webp
609,pexels-photo-9519974,pexels-photo-9519974.webp,"47 KB",,,,https://afjltd.co.uk/wp-content/uploads/2024/03/pexels-photo-9519974.webp,"March 6, 2024",image/webp
607,pexels-photo-1108101,pexels-photo-1108101.jpeg,"102 KB",,,,https://afjltd.co.uk/wp-content/uploads/2024/03/pexels-photo-1108101.jpeg,"March 6, 2024",image/jpeg
603,pexels-photo-5668858,pexels-photo-5668858.webp,"41 KB",,,,https://afjltd.co.uk/wp-content/uploads/2024/03/pexels-photo-5668858.webp,"March 6, 2024",image/webp
599,2-q60nyppvqqmsbd64fltmdfqihvy2cge38dj2vnyp9c,2-q60nyppvqqmsbd64fltmdfqihvy2cge38dj2vnyp9c.webp,"23 KB",,,,https://afjltd.co.uk/wp-content/uploads/2024/03/2-q60nyppvqqmsbd64fltmdfqihvy2cge38dj2vnyp9c.webp,"March 6, 2024",image/webp
592,Private-Hire-Service-min-qfthq7ja75vvhkfis9mril4o4adrpgrpsjjtw6tlcw,Private-Hire-Service-min-qfthq7ja75vvhkfis9mril4o4adrpgrpsjjtw6tlcw.png,"57 KB",,,,https://afjltd.co.uk/wp-content/uploads/2024/03/Private-Hire-Service-min-qfthq7ja75vvhkfis9mril4o4adrpgrpsjjtw6tlcw.png,"March 6, 2024",image/png
554,"Mask Group 324",Mask-Group-324.png,"531 KB",,,,https://afjltd.co.uk/wp-content/uploads/2024/03/Mask-Group-324.png,"March 6, 2024",image/png
535,"Mask Group 3",Mask-Group-3-1.png,"492 KB",,,,https://afjltd.co.uk/wp-content/uploads/2024/03/Mask-Group-3-1.png,"March 6, 2024",image/png
531,"Mask Group 3",Mask-Group-3.png,"526 KB",,,,https://afjltd.co.uk/wp-content/uploads/2024/03/Mask-Group-3.png,"March 6, 2024",image/png
495,"Rectangle 74",Rectangle-74.png,"3 KB",,,,https://afjltd.co.uk/wp-content/uploads/2024/03/Rectangle-74.png,"March 6, 2024",image/png
412,NoPath,NoPath-1.png,"613 KB",,,,https://afjltd.co.uk/wp-content/uploads/2024/03/NoPath-1.png,"March 5, 2024",image/png
411,"NoPath &#8211; Copy (3)",NoPath-Copy-3-1.png,"371 KB",,,,https://afjltd.co.uk/wp-content/uploads/2024/03/NoPath-Copy-3-1.png,"March 5, 2024",image/png
390,"NoPath &#8211; Copy (3)",NoPath-Copy-3.png,"388 KB",,,,https://afjltd.co.uk/wp-content/uploads/2024/03/NoPath-Copy-3.png,"March 5, 2024",image/png
299,"Group 107",Group-107.png,"23 KB",,,,https://afjltd.co.uk/wp-content/uploads/2024/03/Group-107.png,"March 5, 2024",image/png
300,"Group 106",Group-106.png,"22 KB",,,,https://afjltd.co.uk/wp-content/uploads/2024/03/Group-106.png,"March 5, 2024",image/png
298,"Group 108",Group-108.png,"23 KB",,,,https://afjltd.co.uk/wp-content/uploads/2024/03/Group-108.png,"March 5, 2024",image/png
297,"Group 109",Group-109.png,"22 KB",,,,https://afjltd.co.uk/wp-content/uploads/2024/03/Group-109.png,"March 5, 2024",image/png
289,"Group 105",Group-105-1.png,"47 KB",,,,https://afjltd.co.uk/wp-content/uploads/2024/03/Group-105-1.png,"March 5, 2024",image/png
272,NoPath,NoPath.png,"152 KB",,,,https://afjltd.co.uk/wp-content/uploads/2024/03/NoPath.png,"March 5, 2024",image/png
270,"Rectangle 21",Rectangle-21.png,"30 KB",,,,https://afjltd.co.uk/wp-content/uploads/2024/03/Rectangle-21.png,"March 5, 2024",image/png
230,"Rectangle 5",Rectangle-5-1.png,"3 KB",,,,https://afjltd.co.uk/wp-content/uploads/2024/03/Rectangle-5-1.png,"March 5, 2024",image/png
225,aboutG,aboutG.png,"1 KB",,,,https://afjltd.co.uk/wp-content/uploads/2024/03/aboutG.png,"March 5, 2024",image/png
224,full-shot-man-walking-by-trucks-fleet,full-shot-man-walking-by-trucks-fleet.png,"770 KB",,,,https://afjltd.co.uk/wp-content/uploads/2024/03/full-shot-man-walking-by-trucks-fleet.png,"March 5, 2024",image/png
213,bookIcon,bookIcon.svg,"338 B",,,,https://afjltd.co.uk/wp-content/uploads/2024/03/bookIcon.svg,"March 5, 2024",image/svg+xml
174,visionIcon,visionIcon.svg,"750 B",,,,https://afjltd.co.uk/wp-content/uploads/2024/03/visionIcon.svg,"March 5, 2024",image/svg+xml
173,missionIcon,missionIcon.svg,"4 KB",,,,https://afjltd.co.uk/wp-content/uploads/2024/03/missionIcon.svg,"March 5, 2024",image/svg+xml
161,"Union 3",Union-3.svg,"443 B",,,,https://afjltd.co.uk/wp-content/uploads/2024/03/Union-3.svg,"March 5, 2024",image/svg+xml
160,"Union 4",Union-4.svg,"491 B",,,,https://afjltd.co.uk/wp-content/uploads/2024/03/Union-4.svg,"March 5, 2024",image/svg+xml
159,"Union 2",Union-2.svg,"334 B",,,,https://afjltd.co.uk/wp-content/uploads/2024/03/Union-2.svg,"March 5, 2024",image/svg+xml
154,"Path 8",Path-8.svg,"555 B",,,,https://afjltd.co.uk/wp-content/uploads/2024/03/Path-8.svg,"March 5, 2024",image/svg+xml
102,"Rectangle 5",Rectangle-5.png,"865 B",,,,https://afjltd.co.uk/wp-content/uploads/2024/03/Rectangle-5.png,"March 5, 2024",image/png
85,afjltdlogos,afjltdlogos.png,"5 KB",,,,https://afjltd.co.uk/wp-content/uploads/2024/03/afjltdlogos.png,"March 5, 2024",image/png
75,"Mask Group 2",Mask-Group-2.png,"566 KB",,,,https://afjltd.co.uk/wp-content/uploads/2024/03/Mask-Group-2.png,"March 5, 2024",image/png
74,bgimages,bgimages.png,"62 KB",,,,https://afjltd.co.uk/wp-content/uploads/2024/03/bgimages.png,"March 5, 2024",image/png
55,"Path 7",Path-7.png,"487 B",,,,https://afjltd.co.uk/wp-content/uploads/2024/03/Path-7.png,"March 5, 2024",image/png
48,starIcon,starIcon.png,"403 B",,,,https://afjltd.co.uk/wp-content/uploads/2024/03/starIcon.png,"March 5, 2024",image/png
39,"Group 105",Group-105.png,"631 KB",,,,https://afjltd.co.uk/wp-content/uploads/2024/03/Group-105.png,"March 5, 2024",image/png
